DateTime,Temperature,Dew Point,Relative Humidity
9/30/2022 18:06,7.222,-0.11,60
10/1/2022 2:51,2.222,-1.99,74
10/1/2022 11:36,10,0.77,53
10/1/2022 20:21,6.667,-0.4,61
10/2/2022 5:06,5,0.31,72
10/2/2022 13:51,9.444,1.02,56
10/2/2022 22:36,6.111,0.79,69
10/3/2022 7:21,6.111,-1.16,60
10/3/2022 16:06,13.333,0.26,41
10/4/2022 0:51,7.222,0.79,64
10/4/2022 9:36,10.556,0.47,50
10/4/2022 18:21,13.889,-2.64,32
10/5/2022 3:06,8.889,-2.21,46
10/5/2022 11:51,16.111,-0.68,32
10/5/2022 20:36,11.111,-0.79,44
10/6/2022 5:21,11.111,-1.43,42
10/6/2022 14:06,17.778,-2.59,25
10/6/2022 22:51,11.667,-3.02,36
10/7/2022 7:36,10.556,-4.39,35
10/7/2022 16:21,16.111,-6.94,20
10/8/2022 1:06,10.556,-6.86,29
10/8/2022 9:51,11.111,-5.5,31
10/8/2022 18:36,12.778,-4.48,30
10/9/2022 3:21,9.444,-6.97,31
10/9/2022 12:06,15,-4.97,25
10/9/2022 20:51,10.556,-6.42,30
10/10/2022 5:36,7.778,-3.53,45
10/10/2022 14:21,13.333,-3.99,30
10/10/2022 23:06,8.333,-4.27,41
10/11/2022 7:51,3.333,0.52,82
10/11/2022 16:36,10.556,-2.59,40
10/12/2022 1:21,6.667,-4.25,46
10/12/2022 10:06,10,-3.78,38
10/12/2022 18:51,11.667,-3.4,35
10/13/2022 3:36,7.222,-5.6,40
10/13/2022 12:21,16.111,-6.94,20
10/13/2022 21:06,11.111,-6.84,28
10/14/2022 5:51,10,-24.22,7
10/14/2022 14:36,16.667,-19.25,7
10/14/2022 23:21,10,-13.35,18
10/15/2022 8:06,6.111,-12.1,26
10/15/2022 16:51,15,-8.53,19
10/16/2022 1:36,7.778,-5.44,39
10/16/2022 12:21,15.556,-10.24,16
10/16/2022 21:06,10.556,-9.83,23
10/17/2022 5:51,8.889,-17.26,14
10/17/2022 14:36,18.889,-9.22,14
10/17/2022 23:21,10.556,-10.39,22
10/18/2022 8:06,10.556,-10.39,22
10/18/2022 16:51,16.667,-11.01,14
10/19/2022 1:36,10,-10.86,22
10/19/2022 10:21,15,-8.53,19
10/19/2022 19:06,12.222,-7.35,25
10/20/2022 3:51,7.778,-11.16,25
10/20/2022 12:36,12.778,-9.11,21
10/20/2022 21:21,8.889,-16.45,15
10/21/2022 6:06,5.556,-8.83,35
10/21/2022 14:51,6.111,-3.64,50
10/21/2022 23:36,1.667,-0.78,84
10/22/2022 8:21,-2.222,-2.78,96
10/22/2022 17:06,-4.444,-5.56,92
10/23/2022 1:51,-7.222,-8.46,91
10/23/2022 10:36,-7.778,-9.3,89
10/23/2022 19:21,-7.222,-8.46,91
10/24/2022 4:06,-8.333,-9.84,89
10/24/2022 12:51,-3.333,-5.21,87
10/24/2022 21:36,-3.333,-4.03,95
10/25/2022 6:21,-6.111,-7.22,92
10/25/2022 15:06,-1.667,-3.89,85
10/25/2022 23:51,-5,-7.16,85
10/26/2022 8:36,-6.111,-7.36,91
10/26/2022 17:21,-6.667,-8.05,90
10/27/2022 2:06,-8.333,-9.7,90
10/27/2022 10:51,-6.111,-11.12,68
10/27/2022 19:36,-4.444,-15.54,42
10/28/2022 4:21,-3.889,-18.67,31
10/28/2022 13:06,1.111,-12.44,36
10/28/2022 21:51,-1.111,-11.11,47
10/29/2022 6:36,-0.556,-10.87,46
10/29/2022 15:21,8.889,-5.5,36
10/30/2022 0:06,0,-7.37,58
10/30/2022 8:51,-0.556,-6.4,65
10/30/2022 17:36,1.667,-3.09,71
10/31/2022 2:21,2.222,-5.99,55
10/31/2022 11:06,3.889,-5.43,51
10/31/2022 19:51,4.444,-4.16,54
11/1/2022 4:36,2.778,-8.39,44
11/1/2022 13:21,3.889,-9.27,38
11/1/2022 22:06,-2.222,-3.36,92
11/2/2022 6:51,-8.889,-10.39,89
11/2/2022 15:36,-6.667,-8.2,89
11/3/2022 0:21,-10,-11.49,89
11/3/2022 9:06,-10,-11.63,88
11/3/2022 17:51,-8.333,-9.99,88
11/4/2022 2:36,-9.444,-11.08,88
11/4/2022 11:21,-6.111,-7.36,91
11/4/2022 20:06,-2.222,-2.78,96
11/5/2022 4:51,-2.222,-2.78,96
11/5/2022 13:36,-7.222,-8.6,90
11/5/2022 22:21,-8.333,-9.84,89
11/6/2022 6:06,-9.444,-10.94,89
11/6/2022 14:51,-6.111,-7.65,89
11/6/2022 23:36,-2.222,-2.78,96
11/7/2022 8:21,-8.333,-9.7,90
11/7/2022 17:06,-8.889,-10.39,89
11/8/2022 1:51,-10,-11.63,88
11/8/2022 10:36,-7.222,-8.6,90
11/8/2022 19:21,-5.556,-6.81,91
11/9/2022 4:06,-3.889,-4.72,94
11/9/2022 12:51,-7.778,-9.3,89
11/9/2022 21:36,-11.667,-13.42,87
11/10/2022 6:21,-13.333,-15.2,86
11/10/2022 15:06,-7.778,-9.59,87
11/10/2022 23:51,-13.889,-16.18,83
11/11/2022 8:36,-8.889,-11.44,82
11/11/2022 17:21,-8.333,-19.35,41
11/12/2022 2:06,-5.556,-29.64,13
11/12/2022 10:51,-4.444,-24.69,19
11/12/2022 19:36,-5.556,-10.04,71
11/13/2022 4:21,-6.111,-12.49,61
11/13/2022 13:06,-3.889,-10.81,59
11/13/2022 21:51,-9.444,-13.27,74
11/14/2022 6:36,-7.778,-18.85,41
11/14/2022 15:21,-3.333,-14.25,43
11/15/2022 0:06,-8.889,-13.78,68
11/15/2022 8:51,-7.222,-16.98,46
11/15/2022 17:36,-5,-12.97,54
11/16/2022 2:21,-3.333,-16.07,37
11/16/2022 11:06,-2.222,-15.08,37
11/16/2022 19:51,-5,-13.68,51
11/17/2022 4:36,-5,-10.44,66
11/17/2022 13:21,-2.222,-12.67,45
11/17/2022 22:06,-10.556,-11.9,90
11/18/2022 7:06,-13.333,-15.2,86
11/18/2022 17:36,-9.444,-20.94,39
11/19/2022 2:21,-6.111,-20.61,31
11/19/2022 11:06,3.333,-16.5,22
11/19/2022 19:51,-2.778,-20.67,24
11/20/2022 4:36,-2.778,-25.9,15
11/20/2022 13:21,3.333,-22.55,13
11/20/2022 22:06,-3.333,-27.08,14
11/21/2022 6:51,-2.222,-23.44,18
11/21/2022 15:36,1.667,-19.02,20
11/22/2022 0:21,-1.111,-6.73,66
11/22/2022 9:06,-1.111,-11.66,45
11/22/2022 17:51,-3.333,-17.8,32
11/23/2022 2:36,-5.556,-6.81,91
11/23/2022 11:21,-6.111,-7.65,89
11/23/2022 20:06,-7.222,-9.5,84
11/24/2022 4:51,-3.889,-21.15,25
11/24/2022 13:36,6.667,-9.4,31
11/24/2022 22:21,5.556,-7.11,40
11/25/2022 7:06,1.667,-8.28,48
11/25/2022 15:51,1.111,-9.91,44
11/26/2022 0:36,-1.667,-11.09,49
11/26/2022 9:21,-5.556,-6.81,91
11/26/2022 18:06,-6.667,-7.62,93
11/27/2022 2:51,-7.778,-9.59,87
11/27/2022 11:36,-7.778,-12,72
11/27/2022 20:21,-7.222,-8.6,90
11/28/2022 5:06,-11.667,-13.56,86
11/28/2022 13:51,-10,-11.92,86
11/28/2022 22:36,-13.889,-15.89,85
11/29/2022 7:21,-15.556,-17.81,83
11/29/2022 16:06,-14.444,-16.58,84
11/30/2022 0:51,-12.778,-14.65,86
11/30/2022 9:36,-8.889,-10.39,89
11/30/2022 18:21,-7.222,-8.6,90
12/1/2022 3:06,-6.667,-7.91,91
12/1/2022 11:51,-5.556,-6.67,92
12/1/2022 20:36,-12.778,-14.65,86
12/2/2022 5:21,-13.889,-15.89,85
12/2/2022 14:06,-10.556,-12.32,87
12/2/2022 22:51,-14.444,-16.58,84
12/3/2022 7:36,-10.556,-12.92,83
12/3/2022 16:21,-3.889,-13.93,46
12/4/2022 1:06,-2.778,-18.89,28
12/4/2022 9:51,-3.889,-4.72,94
12/4/2022 18:36,-5.556,-6.67,92
12/5/2022 3:21,-7.778,-9.15,90
12/5/2022 12:06,-5.556,-6.81,91
12/5/2022 20:51,-8.333,-9.7,90
12/6/2022 5:36,-8.333,-9.84,89
12/6/2022 14:21,-7.778,-9.3,89
12/6/2022 23:06,-10,-11.63,88
12/7/2022 7:51,-10.556,-12.18,88
12/7/2022 16:36,-7.222,-8.75,89
12/8/2022 1:21,-9.444,-10.94,89
12/8/2022 10:06,-8.889,-10.54,88
12/8/2022 18:51,-8.889,-10.39,89
12/9/2022 3:36,-8.889,-10.39,89
12/9/2022 12:21,-10,-11.63,88
12/9/2022 21:06,-11.667,-13.42,87
12/10/2022 5:51,-7.778,-9.15,90
12/10/2022 14:36,-5.556,-6.67,92
12/10/2022 23:21,-5,-5.97,93
12/11/2022 8:06,-5.556,-6.52,93
12/11/2022 16:51,-4.444,-5.42,93
12/12/2022 1:36,-5.556,-6.52,93
12/12/2022 10:21,-6.111,-7.36,91
12/12/2022 19:06,-6.111,-7.22,92
12/13/2022 3:51,-8.333,-9.7,90
12/13/2022 12:36,-7.778,-9.3,89
12/13/2022 21:21,-8.889,-10.39,89
12/14/2022 6:06,-10,-11.63,88
12/14/2022 14:51,-7.778,-9.15,90
12/14/2022 23:36,-10,-11.63,88
12/15/2022 8:21,-12.222,-14.11,86
12/15/2022 17:06,-11.111,-13.02,86
12/16/2022 1:51,-10.556,-12.32,87
12/16/2022 10:36,-9.444,-11.53,85
12/16/2022 19:21,-10.556,-14.01,76
12/17/2022 4:06,-8.889,-10.83,86
12/17/2022 12:51,-6.667,-9.91,78
12/17/2022 21:36,-10.556,-16.5,62
12/18/2022 6:21,-10.556,-14.01,76
12/18/2022 15:06,-8.333,-13.44,67
12/18/2022 23:51,-12.222,-15,80
12/19/2022 8:36,-13.333,-15.06,87
12/19/2022 17:21,-11.111,-12.87,87
12/20/2022 2:06,-8.333,-9.7,90
12/20/2022 10:51,-7.778,-9.44,88
12/20/2022 19:36,-7.778,-9.15,90
12/21/2022 4:21,-5.556,-6.67,92
12/21/2022 13:06,-11.667,-13.86,84
12/21/2022 21:51,-18.333,-20.82,81
12/22/2022 6:36,-20,-27.17,53
12/22/2022 15:21,-15.556,-32,23
12/23/2022 0:06,-8.889,-10.25,90
12/23/2022 8:51,-7.222,-8.6,90
12/23/2022 17:36,-3.889,-4.72,94
12/24/2022 2:21,-3.889,-4.72,94
12/24/2022 11:06,-0.556,-1.12,96
12/24/2022 19:51,-2.222,-2.78,96
12/25/2022 4:36,-0.556,-0.98,97
12/25/2022 13:21,0.556,-0.16,95
12/25/2022 22:06,1.111,0.68,97
12/26/2022 6:51,0.556,0.13,97
12/26/2022 15:36,1.111,-1,86
12/27/2022 0:21,1.667,-4.7,63
12/27/2022 9:06,-1.111,-1.68,96
12/27/2022 17:51,-3.889,-4.72,94
12/28/2022 2:36,-7.778,-9.01,91
12/28/2022 11:21,-8.889,-10.39,89
12/28/2022 20:06,-10.556,-12.18,88
12/29/2022 4:51,-11.111,-12.87,87
12/29/2022 13:36,-9.444,-11.08,88
12/29/2022 22:21,-8.333,-9.7,90
12/30/2022 7:06,-6.111,-7.36,91
12/30/2022 15:51,-5,-5.97,93
12/31/2022 0:36,-5,-5.83,94
12/31/2022 9:21,-7.222,-8.46,91
12/31/2022 18:21,-8.333,-9.84,89
1/1/2023 3:06,-10,-11.49,89
1/1/2023 11:51,-9.444,-11.38,86
1/1/2023 20:36,-11.667,-13.42,87
1/2/2023 5:21,-12.222,-14.11,86
1/2/2023 14:06,-6.667,-8.2,89
1/2/2023 22:51,-12.778,-14.65,86
1/3/2023 7:36,-12.778,-14.65,86
1/3/2023 16:21,-10,-11.63,88
1/4/2023 1:06,-10,-11.63,88
1/4/2023 9:51,-8.889,-10.39,89
1/4/2023 18:36,-7.778,-9.15,90
1/5/2023 3:21,-6.111,-7.36,91
1/5/2023 12:06,-3.889,-4.72,94
1/5/2023 20:51,-3.889,-4.72,94
1/6/2023 5:36,-3.889,-4.72,94
1/6/2023 14:21,0,-0.72,95
1/6/2023 23:06,-6.111,-7.22,92
1/7/2023 7:51,-7.778,-9.01,91
1/7/2023 16:36,-5.556,-7.1,89
1/8/2023 1:21,-6.667,-8.2,89
1/8/2023 10:06,-5,-5.97,93
1/8/2023 18:51,-5.556,-6.52,93
1/9/2023 3:36,-7.778,-9.01,91
1/9/2023 12:21,-5.556,-6.52,93
1/9/2023 21:06,-5,-5.97,93
1/10/2023 5:51,-6.667,-7.77,92
1/10/2023 14:36,-5,-6.11,92
1/10/2023 23:21,-5,-5.97,93
1/11/2023 8:06,-6.667,-7.91,91
1/11/2023 16:51,-6.111,-7.36,91
1/12/2023 1:36,-6.667,-7.91,91
1/12/2023 10:21,-3.333,-4.03,95
1/12/2023 19:06,-0.556,-0.98,97
1/13/2023 3:51,-1.111,-1.68,96
1/13/2023 12:36,0,-1.93,87
1/13/2023 21:21,-2.778,-3.34,96
1/14/2023 6:06,-3.333,-4.03,95
1/14/2023 14:51,-3.333,-4.17,94
1/14/2023 23:36,-4.444,-5.28,94
1/15/2023 8:21,-5,-5.97,93
1/15/2023 17:06,-6.667,-7.91,91
1/16/2023 1:51,-7.778,-9.15,90
1/16/2023 10:36,-7.778,-9.15,90
1/16/2023 19:21,-8.889,-10.39,89
1/17/2023 4:06,-10,-11.63,88
1/17/2023 12:51,-7.778,-9.59,87
1/17/2023 21:36,-10,-11.63,88
1/18/2023 6:21,-11.111,-12.87,87
1/18/2023 15:06,-6.111,-7.36,91
1/18/2023 23:51,-8.889,-10.39,89
1/19/2023 8:36,-9.444,-10.94,89
1/19/2023 17:21,-8.889,-10.54,88
1/20/2023 2:06,-12.222,-14.11,86
1/20/2023 10:51,-6.111,-7.8,88
1/20/2023 19:36,-10.556,-13.85,77
1/21/2023 4:21,-7.778,-12.54,69
1/21/2023 13:06,-1.111,-9.82,52
1/21/2023 21:51,-11.111,-13.46,83
1/22/2023 6:36,-13.333,-15.34,85
1/22/2023 15:21,-9.444,-11.68,84
1/23/2023 0:06,-13.889,-15.89,85
1/23/2023 8:51,-10,-18.31,51
1/23/2023 17:36,-7.778,-15.34,55
1/24/2023 2:21,-8.889,-9.97,92
1/24/2023 11:06,-6.667,-13.64,58
1/24/2023 19:51,-8.333,-9.7,90
1/25/2023 4:36,-8.889,-10.39,89
1/25/2023 13:21,-6.667,-8.05,90
1/25/2023 22:06,-7.778,-9.44,88
1/26/2023 6:51,-6.111,-7.07,93
1/26/2023 15:36,-3.889,-5.31,90
1/27/2023 0:21,-4.444,-6.62,85
1/27/2023 9:06,-6.667,-7.91,91
1/27/2023 17:51,-7.222,-8.46,91
1/28/2023 2:36,-10,-11.49,89
1/28/2023 15:06,-8.889,-10.54,88
1/28/2023 23:51,-14.444,-16.58,84
1/29/2023 8:36,-17.222,-19.44,83
1/29/2023 17:21,-15.556,-18.1,81
1/30/2023 2:06,-18.889,-21.94,77
1/30/2023 10:51,-17.222,-30.03,32
1/30/2023 19:36,-16.111,-29.39,31
1/31/2023 4:21,-12.778,-21.12,50
1/31/2023 13:06,-11.667,-22.65,40
1/31/2023 21:51,-10,-20.05,44
2/1/2023 6:36,-8.333,-15,59
2/1/2023 15:21,-1.111,-15.48,33
2/2/2023 0:06,-6.111,-15.7,47
2/2/2023 8:51,-3.333,-15.75,38
2/2/2023 17:36,-1.667,-11.89,46
2/3/2023 2:21,-2.222,-11.35,50
2/3/2023 11:06,-1.667,-11.62,47
2/3/2023 19:51,-4.444,-9.91,66
2/4/2023 4:36,-5.556,-8.02,83
2/4/2023 13:21,-1.667,-7.87,63
2/4/2023 22:06,-3.889,-11.03,58
2/5/2023 6:51,-5.556,-6.67,92
2/5/2023 15:36,-6.111,-7.36,91
2/6/2023 0:21,-7.222,-8.46,91
2/6/2023 9:06,-7.222,-8.6,90
2/6/2023 17:51,-6.667,-7.91,91
2/7/2023 2:36,-7.778,-9.15,90
2/7/2023 11:21,-4.444,-6.16,88
2/7/2023 20:06,-5.556,-6.67,92
2/8/2023 4:51,-7.222,-8.6,90
2/8/2023 13:36,-7.778,-9.44,88
2/8/2023 22:21,-12.222,-14.11,86
2/9/2023 7:06,-11.111,-14.23,78
2/9/2023 15:51,-1.667,-15.97,33
2/10/2023 0:36,-4.444,-30.48,11
2/10/2023 9:21,-3.333,-15.75,38
2/10/2023 18:06,-2.222,-12.4,46
2/11/2023 2:51,-1.667,-13.63,40
2/11/2023 11:36,0.556,-14,33
2/11/2023 20:21,-2.222,-13.53,42
2/12/2023 5:06,-3.333,-18.56,30
2/12/2023 13:51,4.444,-23.53,11
2/12/2023 22:36,0,-10.09,47
2/13/2023 7:21,-2.222,-32,8
2/13/2023 16:06,-7.222,-8.6,90
2/14/2023 0:51,-12.222,-14.11,86
2/14/2023 9:51,-12.222,-14.25,85
2/14/2023 18:36,-11.667,-13.56,86
2/15/2023 3:21,-13.889,-16.03,84
2/15/2023 12:06,-11.111,-14.71,75
2/15/2023 20:51,-11.111,-16.27,66
2/16/2023 5:36,-11.111,-23.66,35
2/16/2023 14:21,-3.333,-17.08,34
2/16/2023 23:06,-9.444,-25.91,25
2/17/2023 7:51,-10,-24.03,31
2/17/2023 16:36,-2.778,-18.89,28
2/18/2023 1:21,-9.444,-19.54,44
2/18/2023 10:06,-7.778,-15.34,55
2/18/2023 18:51,-8.889,-10.39,89
2/19/2023 3:36,-10,-11.63,88
2/19/2023 12:21,-7.778,-9.44,88
2/19/2023 21:06,-6.111,-7.22,92
2/20/2023 5:51,-5,-5.97,93
2/20/2023 14:36,-2.778,-4.06,91
2/20/2023 23:21,-2.778,-3.48,95
2/21/2023 8:06,-5.556,-6.67,92
2/21/2023 16:51,-8.889,-11.13,84
2/22/2023 1:36,-13.333,-15.34,85
2/22/2023 10:21,-12.778,-14.94,84
2/22/2023 19:06,-13.333,-15.34,85
2/23/2023 3:51,-14.444,-16.58,84
2/23/2023 12:36,-13.333,-15.34,85
2/23/2023 21:21,-15,-17.12,84
2/24/2023 6:06,-15.556,-17.81,83
2/24/2023 14:51,-6.667,-8.35,88
2/24/2023 23:36,-10.556,-12.32,87
2/25/2023 8:21,-8.889,-10.54,88
2/25/2023 17:06,-0.556,-5.23,71
2/26/2023 1:51,-4.444,-8.09,76
2/26/2023 10:36,-6.111,-7.5,90
2/26/2023 19:21,-8.889,-10.39,89
2/27/2023 4:06,-12.778,-14.65,86
2/27/2023 12:51,-7.778,-10.04,84
2/27/2023 21:36,-9.444,-11.08,88
2/28/2023 6:21,-12.222,-14.11,86
2/28/2023 15:06,-11.111,-13.31,84
2/28/2023 23:51,-11.667,-13.56,86
3/1/2023 8:36,-12.222,-14.11,86
3/1/2023 17:21,-9.444,-11.38,86
3/2/2023 2:06,-12.778,-14.8,85
3/2/2023 10:51,-11.111,-13.92,80
3/2/2023 19:36,-8.333,-9.84,89
3/3/2023 4:21,-11.667,-13.56,86
3/3/2023 13:06,-9.444,-11.68,84
3/3/2023 21:51,-12.778,-14.65,86
3/4/2023 6:36,-12.222,-14.11,86
3/4/2023 15:21,-8.333,-9.99,88
3/5/2023 0:06,-8.889,-10.39,89
3/5/2023 8:51,-11.667,-13.56,86
3/5/2023 17:36,-10.556,-12.32,87
3/6/2023 2:21,-11.667,-13.56,86
3/6/2023 11:06,-8.889,-10.54,88
3/6/2023 19:51,-13.889,-16.03,84
3/7/2023 4:36,-13.889,-15.89,85
3/7/2023 13:21,-9.444,-11.23,87
3/7/2023 22:06,-11.111,-12.87,87
3/8/2023 6:51,-12.778,-14.8,85
3/8/2023 15:36,-8.889,-10.54,88
3/9/2023 0:36,-11.667,-13.56,86
3/9/2023 9:21,-11.667,-13.56,86
3/9/2023 18:06,-10,-11.92,86
3/10/2023 2:51,-6.111,-7.36,91
3/10/2023 11:36,-7.222,-8.75,89
3/10/2023 20:21,-8.889,-10.39,89
3/11/2023 5:06,-11.667,-13.42,87
3/11/2023 13:51,-5.556,-7.86,84
3/11/2023 22:36,-8.889,-10.54,88
3/12/2023 8:21,-8.333,-9.84,89
3/12/2023 17:06,-3.333,-5.21,87
3/13/2023 1:51,-3.889,-4.72,94
3/13/2023 10:36,-2.778,-3.62,94
3/13/2023 19:21,-2.222,-2.93,95
3/14/2023 4:06,-2.778,-3.48,95
3/14/2023 12:51,-2.222,-2.78,96
3/14/2023 21:36,-2.222,-2.93,95
3/15/2023 6:21,-6.667,-7.91,91
3/15/2023 15:06,-7.778,-9.3,89
3/15/2023 23:51,-11.111,-12.87,87
3/16/2023 8:36,-14.444,-16.72,83
3/16/2023 17:21,2.222,0.25,87
3/17/2023 2:06,-10.556,-12.62,85
3/17/2023 10:51,-2.778,-4.98,85
3/17/2023 19:36,-3.333,-7.18,75
3/18/2023 4:21,-7.222,-22.74,28
3/18/2023 13:06,-2.222,-19.72,25
3/18/2023 21:51,-5.556,-17.44,39
3/19/2023 6:36,-6.111,-13.56,56
3/19/2023 15:21,2.222,-11.8,35
3/20/2023 0:06,-6.111,-7.65,89
3/20/2023 8:51,-5,-6.11,92
3/20/2023 17:36,-6.667,-8.2,89
3/21/2023 2:21,-7.778,-9.15,90
3/21/2023 11:06,-3.333,-4.76,90
3/21/2023 19:51,-3.889,-5.92,86
3/22/2023 4:36,-8.889,-10.39,89
3/22/2023 13:21,-1.667,-6.11,72
3/22/2023 22:06,-5.556,-6.24,95
3/23/2023 6:51,-6.111,-7.22,92
3/23/2023 15:36,-5.556,-7.25,88
3/24/2023 0:21,-7.222,-8.6,90
3/24/2023 9:06,-12.222,-14.11,86
3/24/2023 17:51,-8.889,-10.54,88
3/25/2023 2:36,-12.778,-14.65,86
3/25/2023 11:21,-7.222,-8.6,90
3/25/2023 20:06,-12.778,-14.8,85
3/26/2023 4:51,-13.889,-15.89,85
3/26/2023 13:36,-9.444,-11.38,86
3/26/2023 22:21,-11.111,-12.87,87
3/27/2023 7:06,-14.444,-16.72,83
3/27/2023 15:51,-7.222,-9.81,82
3/28/2023 0:36,-10,-11.78,87
3/28/2023 9:21,-8.889,-10.39,89
3/28/2023 18:06,-5.556,-6.96,90
3/29/2023 2:51,-5,-7.01,86
3/29/2023 11:36,-3.889,-5.16,91
3/29/2023 20:21,-6.111,-7.36,91
3/30/2023 5:06,-7.222,-8.6,90
3/30/2023 13:51,-2.222,-3.66,90
3/30/2023 22:36,-6.667,-7.91,91
3/31/2023 7:21,-7.778,-9.15,90
3/31/2023 16:06,-5,-6.86,87
4/1/2023 0:51,-5.556,-6.67,92
4/1/2023 9:36,-5.556,-6.81,91
4/1/2023 18:21,-7.222,-8.6,90
4/2/2023 3:06,-8.889,-10.39,89
4/2/2023 11:51,-7.222,-8.6,90
4/2/2023 20:36,-9.444,-11.08,88
4/3/2023 5:21,-11.111,-12.87,87
4/3/2023 14:06,-6.111,-8.25,85
4/3/2023 22:51,-11.667,-13.42,87
4/4/2023 7:36,-12.222,-14.11,86
4/4/2023 16:21,-8.333,-9.99,88
4/5/2023 1:06,-11.111,-12.87,87
4/5/2023 9:51,-10.556,-12.18,88
4/5/2023 18:36,-6.111,-9.04,80
4/6/2023 3:21,-11.111,-13.02,86
4/6/2023 12:06,-5,-10.25,67
4/6/2023 20:51,-5,-15.48,44
4/7/2023 5:36,-4.444,-12.92,52
4/7/2023 14:21,-1.111,-7.34,63
4/7/2023 23:06,-3.333,-4.03,95
4/8/2023 7:51,-3.333,-4.17,94
4/8/2023 16:36,0.556,-2.37,81
4/9/2023 1:21,-1.111,-4.85,76
4/9/2023 10:06,1.667,-3.87,67
4/9/2023 18:51,6.111,-4.47,47
4/10/2023 3:36,5,-1.32,64
4/10/2023 12:21,10,-2.76,41
4/10/2023 21:06,7.778,-2.94,47
4/11/2023 5:51,4.444,-2.51,61
4/11/2023 14:36,3.333,-1.49,71
4/11/2023 23:21,-1.667,-5.39,76
4/12/2023 8:06,-3.889,-8.07,73
4/12/2023 16:51,-5.556,-8.02,83
4/13/2023 1:36,-9.444,-10.52,92
4/13/2023 10:21,-9.444,-11.38,86
4/13/2023 19:06,-5.556,-12.17,60
4/14/2023 3:51,-8.889,-12.4,76
4/14/2023 12:36,-1.667,-12.16,45
4/14/2023 21:21,-7.222,-10.95,75
4/15/2023 6:06,-7.222,-11.64,71
4/15/2023 14:51,3.333,-9.77,38
4/15/2023 23:36,0.556,-11.31,41
4/16/2023 8:21,2.222,-10.76,38
4/16/2023 17:06,6.667,-8.6,33
4/17/2023 1:51,-2.222,-8.6,62
4/17/2023 10:36,-0.556,-9.81,50
4/17/2023 19:21,-2.222,-3.97,88
4/18/2023 4:06,-4.444,-5.42,93
4/18/2023 12:51,-7.778,-9.59,87
4/18/2023 21:36,-11.111,-12.87,87
4/19/2023 6:21,-12.222,-14.4,84
4/19/2023 15:06,-5.556,-9.68,73
4/19/2023 23:51,-9.444,-10.94,89
4/20/2023 8:36,-10,-11.78,87
4/20/2023 17:21,-3.333,-11.65,53
4/21/2023 2:06,-7.778,-9.15,90
4/21/2023 10:51,-5.556,-7.1,89
4/21/2023 19:36,-5.556,-6.96,90
4/22/2023 4:21,-7.222,-8.6,90
4/22/2023 13:06,0,-7.83,56
4/22/2023 21:51,-2.778,-5.79,80
4/23/2023 6:36,-1.667,-5.57,75
4/23/2023 15:21,-0.556,-2.64,86
4/24/2023 0:06,-0.556,-0.98,97
4/24/2023 8:51,-1.111,-1.53,97
4/24/2023 17:36,-3.333,-5.21,87
4/25/2023 2:21,-6.111,-7.5,90
4/25/2023 11:06,0.556,-5.14,66
4/25/2023 19:51,3.333,-3.34,62
4/26/2023 4:36,0,-11.51,42
4/26/2023 13:21,10.556,-8.78,25
4/26/2023 22:06,5,-7.29,41
4/27/2023 6:51,2.778,-1.45,74
4/27/2023 15:36,8.333,-5.99,36
4/28/2023 0:21,2.222,-8.61,45
4/28/2023 9:06,5.556,-12.11,27
4/28/2023 17:51,14.444,-6.53,23
4/29/2023 2:36,7.778,-8.43,31
4/29/2023 11:21,15.556,-9.48,17
4/29/2023 20:06,15,-4.97,25
4/30/2023 4:51,10.556,-6.42,30
4/30/2023 13:36,15,-5.5,24
4/30/2023 22:21,10.556,-1.61,43
5/1/2023 7:06,10,-6.48,31
5/1/2023 15:51,15,-6.06,23
5/2/2023 0:36,10.556,-8.78,25
5/2/2023 9:21,10.556,-6.42,30
5/2/2023 18:06,10.556,-8.27,26
5/3/2023 2:51,6.667,-9.4,31
5/3/2023 11:36,12.222,-8.42,23
5/3/2023 20:21,11.667,-9.46,22
5/4/2023 5:36,3.889,-1.96,66
5/4/2023 14:21,7.778,-4.14,43
5/4/2023 23:06,1.111,-0.68,88
5/5/2023 8:36,-0.556,-2.96,84
5/5/2023 17:21,0,-0.86,94
5/6/2023 2:06,-2.778,-3.34,96
5/6/2023 10:51,-0.556,-1.42,94
5/6/2023 19:36,3.889,-3.03,61
5/7/2023 4:21,-1.667,-2.23,96
5/7/2023 13:06,-0.556,-2.17,89
5/7/2023 21:51,-2.778,-4.98,85
5/8/2023 6:36,-2.778,-6.3,77
5/8/2023 15:21,4.444,-4.92,51
5/9/2023 0:06,-2.778,-3.62,94
5/9/2023 8:51,-3.333,-4.32,93
5/9/2023 17:36,7.778,-4.77,41
5/10/2023 2:21,-3.333,-6,82
5/10/2023 11:06,8.333,-11.19,24
5/10/2023 19:51,7.222,-6.98,36
5/11/2023 4:36,1.667,-5.58,59
5/11/2023 13:21,10,-3.78,38
5/11/2023 22:06,4.444,-3.43,57
5/12/2023 6:51,2.222,-4.39,62
5/12/2023 15:36,11.667,-4.19,33
5/13/2023 0:21,6.111,-5.35,44
5/13/2023 9:06,4.444,-2.73,60
5/13/2023 17:51,11.111,-4.68,33
5/14/2023 2:36,3.889,-1.15,70
5/14/2023 11:21,7.778,-0.3,57
5/14/2023 20:06,7.222,1.85,69
5/15/2023 4:51,5,2.82,86
5/15/2023 13:36,8.889,1.47,60
5/15/2023 22:21,6.667,0.05,63
5/16/2023 7:06,6.111,1.77,74
5/16/2023 15:51,14.444,1.26,41
5/17/2023 0:36,7.778,-3.23,46
5/17/2023 9:21,8.889,0.75,57
5/17/2023 18:06,10,1.03,54
5/18/2023 2:51,5.556,1.61,76
5/18/2023 11:36,14.444,2.25,44
5/18/2023 20:21,12.778,4.14,56
5/19/2023 5:06,10,1.03,54
5/19/2023 13:51,17.778,1.21,33
5/19/2023 23:51,11.667,3.1,56
5/20/2023 8:36,12.778,2.53,50
5/20/2023 17:21,15,2.76,44
5/21/2023 2:06,12.778,1.05,45
5/21/2023 10:51,15.556,0.45,36
5/21/2023 19:36,14.444,0.56,39
5/22/2023 4:21,7.222,1.85,69
5/22/2023 13:06,7.222,2.65,73
5/22/2023 21:51,5.556,-12.11,27
5/23/2023 6:36,4.444,-3.43,57
5/23/2023 15:21,10,-0.32,49
5/24/2023 0:06,6.111,1.19,71
5/24/2023 8:51,5,-4.14,52
5/24/2023 17:36,9.444,-2.62,43
5/25/2023 2:21,5.556,-9.2,34
5/25/2023 11:06,10,-2.43,42
5/25/2023 19:51,7.778,-0.54,56
5/26/2023 4:36,5.556,0.05,68
5/26/2023 13:21,8.889,1.47,60
5/26/2023 22:06,5,1.8,80
5/27/2023 6:51,3.333,1.35,87
5/27/2023 15:36,7.778,2.18,68
5/28/2023 0:21,3.889,0.89,81
5/28/2023 9:06,5.556,1.42,75
5/28/2023 17:51,7.778,1.97,67
5/29/2023 2:36,6.667,0.48,65
5/29/2023 11:21,10.556,0.19,49
5/29/2023 20:06,13.333,-1.53,36
5/30/2023 4:51,8.333,1.17,61
5/30/2023 13:36,13.889,2.68,47
5/30/2023 22:21,6.111,2.15,76
5/31/2023 7:06,6.111,3.41,83
5/31/2023 15:51,10,5.33,73
6/1/2023 0:36,5,2.99,87
6/1/2023 9:21,6.111,2.33,77
6/1/2023 18:06,12.778,-0.94,39
6/2/2023 2:51,5.556,1.98,78
6/2/2023 11:36,6.667,3.78,82
6/2/2023 20:21,7.222,3.96,80
6/3/2023 5:06,3.889,2.54,91
6/3/2023 13:51,11.111,2.83,57
6/3/2023 22:36,7.222,4.49,83
6/4/2023 7:21,7.222,4.14,81
6/4/2023 16:06,10,5.33,73
6/5/2023 0:51,7.222,4.14,81
6/5/2023 9:36,6.667,4.29,85
6/5/2023 18:21,10.556,5.46,71
6/6/2023 3:06,7.222,4.32,82
6/6/2023 11:51,14.444,5.96,57
6/6/2023 20:36,11.111,3.32,59
6/7/2023 5:21,10.556,2.56,58
6/7/2023 14:06,14.444,5.44,55
6/7/2023 22:51,9.444,3.56,67
6/8/2023 7:36,8.333,5.05,80
6/8/2023 16:21,13.333,4.4,55
6/9/2023 1:06,6.111,2.15,76
6/9/2023 9:51,6.667,4.12,84
6/9/2023 18:36,5,2.99,87
6/10/2023 3:21,5.556,4.96,96
6/10/2023 12:06,10.556,6.65,77
6/10/2023 20:51,10.556,6.07,74
6/11/2023 5:36,8.889,5.59,80
6/11/2023 14:21,13.333,4.4,55
6/11/2023 23:06,8.333,4.11,75
6/12/2023 7:51,7.222,3.96,80
6/12/2023 16:36,8.889,4.84,76
6/13/2023 1:21,7.222,5.51,89
6/13/2023 10:06,10.556,6.65,77
6/13/2023 18:51,7.778,5.38,85
6/14/2023 3:36,5.556,4.96,96
6/14/2023 12:21,7.222,0.35,62
6/14/2023 21:06,6.111,-6.94,39
6/15/2023 5:51,1.111,-3.82,70
6/15/2023 14:36,8.889,-3.44,42
6/15/2023 23:21,5,-0.9,66
6/16/2023 8:06,4.444,-1.02,68
6/16/2023 16:51,12.778,2.81,51
6/17/2023 1:36,8.333,-0.78,53
6/17/2023 10:21,10,1.79,57
6/17/2023 19:06,8.889,2.82,66
6/18/2023 3:51,5.556,5.11,97
6/18/2023 12:36,2.778,1.59,92
6/18/2023 21:21,3.889,-4.92,53
6/19/2023 6:06,1.111,-5.88,60
6/19/2023 14:51,-1.111,-2.26,92
6/19/2023 23:36,-3.333,-6.33,80
6/20/2023 8:21,-2.222,-7.4,68
6/20/2023 17:06,2.778,-4.53,59
6/21/2023 1:51,-1.667,-5.05,78
6/21/2023 10:36,2.222,-5.05,59
6/21/2023 19:21,8.333,-6.36,35
6/22/2023 4:06,2.778,-6.46,51
6/22/2023 12:51,10.556,-5.57,32
6/22/2023 21:36,9.444,-4.64,37
6/23/2023 6:21,8.333,-5.28,38
6/23/2023 15:06,12.222,-0.09,43
6/23/2023 23:51,7.778,-0.3,57
6/24/2023 8:36,8.333,0.94,60
6/24/2023 17:21,15.556,2.27,41
6/25/2023 2:06,7.778,1.32,64
6/25/2023 10:51,12.778,1.66,47
6/25/2023 19:36,13.889,2.97,48
6/26/2023 4:21,6.667,0.91,67
6/26/2023 13:06,13.889,5.44,57
6/26/2023 21:51,8.333,4.3,76
6/27/2023 6:36,7.222,3.23,76
6/27/2023 15:21,8.333,2.28,66
6/28/2023 0:06,6.111,2.88,80
6/28/2023 8:51,7.222,4.49,83
6/28/2023 17:36,10,5.92,76
6/29/2023 2:21,7.778,4.5,80
6/29/2023 11:06,14.444,5.96,57
6/29/2023 19:51,16.111,6.46,53
6/30/2023 4:36,11.667,4.56,62
6/30/2023 13:21,18.333,3.69,38
6/30/2023 22:06,16.111,0.55,35
7/1/2023 6:51,15.556,0.06,35
7/1/2023 15:36,20,0.88,28
7/2/2023 0:21,15,-2.53,30
7/2/2023 9:06,15,-11.5,15
7/2/2023 17:51,20,-1.82,23
7/3/2023 2:36,15.556,-5.03,24
7/3/2023 11:21,16.667,-2.51,27
7/3/2023 20:06,16.667,-3.54,25
7/4/2023 4:51,7.222,-2.34,51
7/4/2023 13:36,15,-2.09,31
7/4/2023 22:21,12.222,-6.35,27
7/5/2023 7:06,9.444,-2.31,44
7/5/2023 15:51,17.778,-2.06,26
7/6/2023 0:36,11.667,-5.02,31
7/6/2023 9:21,15,-4.45,26
7/6/2023 18:06,20.556,-1.95,22
7/7/2023 2:51,12.222,-2.9,35
7/7/2023 11:36,19.444,3.11,34
7/7/2023 20:21,19.444,-1.16,25
7/8/2023 5:06,12.222,-2.52,36
7/8/2023 13:51,18.333,2.53,35
7/8/2023 22:36,15,2.43,43
7/9/2023 7:21,15,1.76,41
7/9/2023 16:06,22.778,1.13,24
7/10/2023 0:51,17.222,2.32,37
7/10/2023 9:36,17.778,3.57,39
7/10/2023 18:21,19.444,3.52,35
7/11/2023 3:06,13.889,0.76,41
7/11/2023 11:51,15.556,-0.75,33
7/11/2023 20:36,17.222,-6.01,20
7/12/2023 5:21,11.111,-7.31,27
7/12/2023 14:06,20.556,-3.23,20
7/12/2023 22:51,16.111,-3.49,26
7/13/2023 7:36,14.444,-0.93,35
7/13/2023 16:21,17.778,1.21,33
7/14/2023 1:06,13.333,1.55,45
7/14/2023 9:51,15,1.42,40
7/14/2023 18:36,19.444,-5.54,18
7/15/2023 3:21,12.222,-1.79,38
7/15/2023 12:06,20,-3.69,20
7/15/2023 20:51,21.111,-1.48,22
7/16/2023 5:36,17.222,-5.38,21
7/16/2023 14:21,25,4.69,27
7/16/2023 23:06,21.667,-1.64,21
7/17/2023 7:51,17.778,2.43,36
7/17/2023 16:36,20,3.6,34
7/18/2023 1:21,15.556,-4.49,25
7/18/2023 10:06,16.667,-1.54,29
7/18/2023 18:51,21.667,-4.46,17
7/19/2023 3:36,14.444,-10.39,17
7/19/2023 12:21,21.111,-2.76,20
7/19/2023 21:06,20.556,-0.77,24
7/20/2023 5:51,17.778,-2.06,26
7/20/2023 14:36,22.778,1.13,24
7/20/2023 23:21,19.444,-7.07,16
7/21/2023 8:06,17.778,-2.59,25
7/21/2023 16:51,25,-3.4,15
7/22/2023 1:36,17.778,-4.91,21
7/22/2023 10:21,22.222,-1.17,21
7/22/2023 19:06,24.444,-1.41,18
7/23/2023 3:51,21.667,-10.04,11
7/23/2023 12:36,23.889,2.65,25
7/23/2023 21:21,21.667,-10.04,11
7/24/2023 6:06,20,-2.42,22
7/24/2023 14:51,17.222,6.35,49
7/24/2023 23:36,16.111,5.9,51
7/25/2023 8:21,12.778,5.14,60
7/25/2023 17:06,19.444,-2.29,23
7/26/2023 1:51,15,0.33,37
7/26/2023 10:36,17.222,1.54,35
7/26/2023 19:21,19.444,-0.62,26
7/27/2023 4:06,16.111,-0.68,32
7/27/2023 12:51,19.444,3.11,34
7/27/2023 21:36,15.556,0.45,36
7/28/2023 6:21,15,-0.43,35
7/28/2023 15:06,21.111,1.84,28
7/28/2023 23:51,17.778,-2.06,26
7/29/2023 8:36,16.667,-3.54,25
7/29/2023 17:21,21.667,-1.64,21
7/30/2023 2:06,18.333,-5.08,20
7/30/2023 10:51,17.222,-4.76,22
7/30/2023 19:36,22.222,-9.61,11
7/31/2023 4:21,17.222,-12.46,12
7/31/2023 13:06,20.556,-3.91,19
7/31/2023 21:51,17.222,-9.7,15
8/1/2023 6:36,16.111,-7.6,19
8/1/2023 15:21,23.333,-3.09,17
8/2/2023 0:06,18.889,-2.19,24
8/2/2023 8:51,16.111,3.45,43
8/2/2023 17:36,19.444,5.06,39
8/3/2023 2:21,11.111,5.58,69
8/3/2023 11:06,16.667,6.98,53
8/3/2023 19:51,15,3.08,45
8/4/2023 4:36,9.444,5.57,77
8/4/2023 13:21,16.667,6.98,53
8/4/2023 22:06,10,6.85,81
8/5/2023 6:51,8.889,6.48,85
8/5/2023 15:36,15.556,8.25,62
8/6/2023 0:21,12.778,-4.48,30
8/6/2023 9:06,11.111,3.32,59
8/6/2023 17:51,16.111,4.72,47
8/7/2023 2:36,9.444,4.99,74
8/7/2023 11:21,10.556,5.46,71
8/7/2023 20:06,4.444,3.85,96
8/8/2023 4:51,5,2.32,83
8/8/2023 13:36,11.667,5.69,67
8/8/2023 22:21,11.667,5.69,67
8/9/2023 7:06,11.667,-2.29,38
8/9/2023 15:51,17.778,4.28,41
8/10/2023 0:36,13.333,4.4,55
8/10/2023 9:21,11.111,2.58,56
8/10/2023 18:06,17.222,-3.06,25
8/11/2023 2:51,12.778,-4.93,29
8/11/2023 11:36,17.222,-0.14,31
8/11/2023 20:21,17.778,-1.05,28
8/12/2023 5:06,14.444,-0.93,35
8/12/2023 13:51,18.889,-1.1,26
8/12/2023 22:36,15,-2.09,31
8/13/2023 7:21,11.111,0.7,49
8/13/2023 16:06,21.667,2.32,28
8/14/2023 0:51,16.111,2.06,39
8/14/2023 9:36,16.667,2.92,40
8/14/2023 18:21,23.889,3.73,27
8/15/2023 3:06,18.889,2.62,34
8/15/2023 11:51,25.556,4.63,26
8/15/2023 20:36,22.778,0.54,23
8/16/2023 5:21,20,1.36,29
8/16/2023 14:06,24.444,0.02,20
8/16/2023 22:51,21.667,0.74,25
8/17/2023 7:36,20,-0.15,26
8/17/2023 16:21,25.556,2.28,22
8/18/2023 1:06,16.111,7,55
8/18/2023 9:51,14.444,8.56,68
8/18/2023 18:36,18.333,4.43,40
8/19/2023 3:21,15.556,3.59,45
8/19/2023 12:06,22.778,5.19,32
8/19/2023 20:51,13.889,5.69,58
8/20/2023 5:36,13.889,5.44,57
8/20/2023 14:21,9.444,8.83,96
8/20/2023 23:06,10.556,10.25,98
8/21/2023 7:51,11.111,10.8,98
8/21/2023 16:36,12.778,11.5,92
8/22/2023 1:21,10.556,10.25,98
8/22/2023 10:06,10,9.69,98
8/22/2023 18:51,12.778,8.61,76
8/23/2023 3:36,7.222,6.15,93
8/23/2023 12:21,13.333,8.34,72
8/23/2023 21:06,11.667,3.85,59
8/24/2023 5:51,12.222,3.37,55
8/24/2023 14:36,18.889,1.76,32
8/24/2023 23:21,13.889,1.42,43
8/25/2023 8:06,15,4.87,51
8/25/2023 16:51,18.333,6.13,45
8/26/2023 1:36,13.333,4.92,57
8/26/2023 10:21,17.778,6.56,48
8/26/2023 19:06,21.111,5.41,36
8/27/2023 3:51,8.889,6.82,87
8/27/2023 12:36,19.444,8.09,48
8/27/2023 21:21,16.667,3.62,42
8/28/2023 6:06,14.444,2.25,44
8/28/2023 14:51,21.667,0.74,25
8/28/2023 23:36,16.667,-0.63,31
8/29/2023 8:21,16.111,0.15,34
8/29/2023 17:06,16.667,4.6,45
8/30/2023 1:51,6.667,0.91,67
8/30/2023 10:36,4.444,1.94,84
8/30/2023 19:21,10,-0.61,48
8/31/2023 4:06,3.889,-1.96,66
8/31/2023 12:51,13.333,-3.13,32
8/31/2023 21:36,13.889,-5.4,26
9/1/2023 6:21,11.667,-3.4,35
9/1/2023 15:06,17.778,2.04,35
9/1/2023 23:51,11.667,4.09,60
9/2/2023 8:36,9.444,8.99,97
9/2/2023 17:21,14.444,8.34,67
9/3/2023 2:06,9.444,8.99,97
9/3/2023 10:51,6.667,6.07,96
9/3/2023 19:36,7.222,5.18,87
9/4/2023 4:21,5.556,5.11,97
9/4/2023 13:06,6.111,5.66,97
9/4/2023 21:51,6.111,5.66,97
9/5/2023 6:36,6.667,2.5,75
9/5/2023 15:21,12.778,2.53,50
9/6/2023 0:06,9.444,1.99,60
9/6/2023 8:51,9.444,2.45,62
9/6/2023 17:36,15,2.76,44
9/7/2023 2:21,10.556,2.31,57
9/7/2023 11:06,12.778,3.89,55
9/7/2023 19:51,16.111,3.11,42
9/8/2023 4:36,11.667,3.1,56
9/8/2023 13:21,15,3.7,47
9/8/2023 22:06,11.111,-2.44,39
9/9/2023 6:51,9.444,-3.94,39
9/9/2023 15:36,15.556,-2.05,30
9/10/2023 0:21,11.111,-2.44,39
9/10/2023 9:06,12.778,-3.62,32
9/10/2023 17:51,19.444,-1.16,25
9/11/2023 2:36,13.333,-1.16,37
9/11/2023 11:21,17.222,-1.53,28
9/11/2023 20:06,15,-7.87,20
9/12/2023 4:51,13.889,-6.45,24
9/12/2023 13:36,17.222,1.94,36
9/12/2023 22:21,12.222,-1.44,39
9/13/2023 7:06,10,1.29,55
9/13/2023 15:51,15,2.43,43
9/14/2023 0:36,8.889,-2.21,46
9/14/2023 9:21,8.889,-5.87,35
9/14/2023 18:06,16.111,-6.94,20
9/15/2023 2:51,9.444,-6.15,33
9/15/2023 11:36,14.444,-2.15,32
9/15/2023 20:21,12.778,-1.66,37
9/16/2023 5:06,11.667,-5.45,30
9/16/2023 13:51,17.778,-6.22,19
9/16/2023 22:36,14.444,-8.34,20
9/17/2023 7:21,13.333,-7.48,23
9/17/2023 16:06,17.222,-7.38,18
9/18/2023 0:51,13.889,-2.64,32
9/18/2023 9:36,12.778,-3.2,33
9/18/2023 18:21,13.333,-2.31,34
9/19/2023 3:06,8.889,-2.81,44
9/19/2023 11:51,11.111,-9.36,23
9/19/2023 20:36,6.667,-13.14,23
9/20/2023 5:21,4.444,-9.82,35
9/20/2023 14:06,9.444,-8.28,28
9/20/2023 22:51,2.222,-6.98,51
9/21/2023 7:36,-0.556,-4.14,77
9/21/2023 16:21,6.667,-3.4,49
9/22/2023 1:06,1.111,-2.7,76
9/22/2023 9:51,0,-1.78,88
9/22/2023 18:36,4.444,-2.73,60
9/23/2023 3:21,2.222,-5.28,58
9/23/2023 12:06,7.778,-4.77,41
9/23/2023 20:51,7.222,-10.67,27
9/24/2023 5:36,7.222,-6.63,37
9/24/2023 14:21,12.778,-4.48,30
9/24/2023 23:06,9.444,-6.97,31
9/25/2023 7:51,10.556,-5.99,31
9/25/2023 16:36,16.111,-6.94,20
9/26/2023 1:21,12.222,-11.51,18
9/26/2023 10:06,8.333,-11.72,23
9/26/2023 18:51,11.111,-3.52,36
9/27/2023 3:36,5.556,-1.68,60
9/27/2023 12:21,6.111,-0.05,65
9/27/2023 21:06,3.333,-4.71,56
9/28/2023 5:51,2.222,-5.99,55
9/28/2023 14:36,7.222,-8.11,33
9/28/2023 23:21,2.222,-9.8,41
9/29/2023 8:06,2.222,-8.61,45
9/29/2023 16:51,11.667,-5.45,30
9/30/2023 1:36,7.222,-6.98,36
9/30/2023 10:21,2.222,1.64,96
